{
  "total_iterations": 200000,
  "final_coverage": 0.336135239810083,
  "total_proteins": 114,
  "protein_counts": {
    "HSA": 45,
    "HDL": 45,
    "FIB-A": 2,
    "FIB-B": 22
  },
  "protein_coverage_fractions": {
    "HSA": 0.11746284412194495,
    "HDL": 0.12499184734821056,
    "FIB-A": 0.010081978435862103,
    "FIB-B": 0.08359856990406536
  },
  "equilibrium_reached": false,
  "concentration_weights": {
    "HSA": {
      "concentration": 45.0,
      "selection_probability": 0.6818181818181818,
      "relative_frequency": 15.0
    },
    "FIB-B": {
      "concentration": 3.0,
      "selection_probability": 0.045454545454545456,
      "relative_frequency": 1.0
    },
    "HDL": {
      "concentration": 15.0,
      "selection_probability": 0.22727272727272727,
      "relative_frequency": 5.0
    },
    "FIB-A": {
      "concentration": 3.0,
      "selection_probability": 0.045454545454545456,
      "relative_frequency": 1.0
    }
  },
  "event_statistics": {
    "simple_adsorption": 93995,
    "adsorption_with_replacement": 1305,
    "failed_adsorption_energy": 38209,
    "failed_adsorption_space": 64535,
    "failed_displacement_vroman": 1765103,
    "failed_displacement_probability": 4667,
    "successful_desorption": 380,
    "failed_desorption_energy": 1576,
    "total_adsorption_attempts": 198044,
    "total_desorption_attempts": 1956
  },
  "timing_data": {
    "initialization_time": 0.00035953521728515625,
    "main_loop_time": 32502.072074651718,
    "equilibrium_checks_time": 0.2706725597381592,
    "logging_time": 1.8975114822387695,
    "save_results_time": 0.0,
    "iterations_per_second": 6.1534538333628115
  }
}