{
  "total_iterations": 500000,
  "final_coverage": 0.20072361577944792,
  "total_proteins": 70,
  "protein_counts": {
    "HDL": 20,
    "HSA": 39,
    "FIB-B": 10,
    "FIB-A": 1
  },
  "protein_coverage_fractions": {
    "HDL": 0.05569773396203717,
    "HSA": 0.10192412478007505,
    "FIB-B": 0.03800230273826889,
    "FIB-A": 0.005099454299066851
  },
  "equilibrium_reached": false,
  "concentration_weights": {
    "HSA": {
      "concentration": 50.0,
      "selection_probability": 0.7352941176470589,
      "relative_frequency": 16.666666666666668
    },
    "FIB-B": {
      "concentration": 3.0,
      "selection_probability": 0.04411764705882353,
      "relative_frequency": 1.0
    },
    "HDL": {
      "concentration": 12.0,
      "selection_probability": 0.17647058823529413,
      "relative_frequency": 4.0
    },
    "FIB-A": {
      "concentration": 3.0,
      "selection_probability": 0.04411764705882353,
      "relative_frequency": 1.0
    }
  },
  "event_statistics": {
    "simple_adsorption": 346999,
    "adsorption_with_replacement": 10947,
    "failed_adsorption_energy": 136778,
    "failed_adsorption_space": 271,
    "failed_displacement_vroman": 460195,
    "failed_displacement_probability": 36785,
    "successful_desorption": 1358,
    "failed_desorption_energy": 3647,
    "total_adsorption_attempts": 494995,
    "total_desorption_attempts": 5005
  },
  "timing_data": {
    "initialization_time": 0.00016808509826660156,
    "main_loop_time": 14420.036652326584,
    "equilibrium_checks_time": 0.5690271854400635,
    "logging_time": 3.1567842960357666,
    "save_results_time": 0.0,
    "iterations_per_second": 34.67397566699861
  }
}