{
  "configuration": 0.00843048095703125,
  "energy_calculation": 581.5727043151855,
  "projection_calculation": 0.8199765682220459,
  "simulation": 14424.60782623291,
  "simulation_details": {
    "initialization_time": 0.00016808509826660156,
    "main_loop_time": 14420.036652326584,
    "equilibrium_checks_time": 0.5690271854400635,
    "logging_time": 3.1567842960357666,
    "save_results_time": 4.328522443771362,
    "iterations_per_second": 34.67397566699861
  },
  "visualization": 2.958700180053711,
  "total_runtime": 15009.96814084053
}